<?xml version="1.0" encoding="UTF-8"?>
<beans:beans xmlns="http://www.springframework.org/schema/mvc"
    xmlns:xsi="http://www.w3.org/2001/XMLSchema-instance"
    xmlns:beans="http://www.springframework.org/schema/beans"
    xmlns:context="http://www.springframework.org/schema/context"
    xmlns:aop="http://www.springframework.org/schema/aop"
    xsi:schemaLocation="http://www.springframework.org/schema/mvc http://www.springframework.org/schema/mvc/spring-mvc-3.0.xsd
        http://www.springframework.org/schema/beans http://www.springframework.org/schema/beans/spring-beans-3.0.xsd
        http://www.springframework.org/schema/context http://www.springframework.org/schema/context/spring-context-3.0.xsd
        http://www.springframework.org/schema/aop http://www.springframework.org/schema/aop/spring-aop-3.0.xsd">

 
    <!-- Internationalization support -->

    <beans:bean id="localeResolver"
        class="org.springframework.web.servlet.i18n.SessionLocaleResolver">
        <beans:property name="defaultLocale" value="en_US" />
    </beans:bean>
 
    <beans:bean id="localeChangeInterceptor"
        class="org.springframework.web.servlet.i18n.LocaleChangeInterceptor">
        <beans:property name="paramName" value="language" />
    </beans:bean>
 
    <beans:bean class="org.springframework.web.servlet.mvc.support.ControllerClassNameHandlerMapping" >
        <beans:property name="interceptors">
           <beans:list>
            <beans:ref bean="localeChangeInterceptor" />
           </beans:list>
        </beans:property>
    </beans:bean>

    <beans:bean id="messageSource" class="org.springframework.context.support.ResourceBundleMessageSource">
        <beans:property name="basename" value="locale/messages" />
    </beans:bean>
    
  
</beans:beans>
