<?xml version="1.0" encoding="UTF-8"?>
<beans:beans xmlns="http://www.springframework.org/schema/mvc"
	xmlns:xsi="http://www.w3.org/2001/XMLSchema-instance"
    xmlns:beans="http://www.springframework.org/schema/beans"
	xmlns:context="http://www.springframework.org/schema/context"
    xmlns:aop="http://www.springframework.org/schema/aop"
	xsi:schemaLocation="http://www.springframework.org/schema/mvc http://www.springframework.org/schema/mvc/spring-mvc-3.0.xsd
		http://www.springframework.org/schema/beans http://www.springframework.org/schema/beans/spring-beans-3.0.xsd
		http://www.springframework.org/schema/context http://www.springframework.org/schema/context/spring-context-3.0.xsd
        http://www.springframework.org/schema/aop http://www.springframework.org/schema/aop/spring-aop-3.0.xsd">

    <beans:bean id="basicUserValidator" class="net.respectnetwork.sdk.csp.BasicUserValidator">
        <beans:property name="theNotifier" ref="basicNotifier"/>
        <beans:property name="tokenManager" ref="basicTokenManager"/>  
        <beans:property name="validationEndpoint" value="http://localhost:8080/csp-provisioning-application/enterValidationCodes"/>
        <beans:property name="messageManager" ref="basicMessageManager"/>
    </beans:bean>
         
    <!-- Notifier  -->     
   <!-- <beans:bean id="basicNotifier" class="net.respectnetwork.sdk.csp.notification.BasicOCENotificationService"> -->
 	<beans:bean id="basicNotifier" class="net.respectnetwork.sdk.csp.notification.BasicNotificationService">   
        <!-- Twilio Properties -->
        <beans:property name="authToken" value="${twilio.authToken}"/>
        <beans:property name="twillioAccountSID" value="${twilio.accountSID}"/>
        <beans:property name="cspSMSNumber" value="${twilio.cspSMSNumber}"/>      
        
        <!--  Email Properties -->
        <beans:property name="emailSubject" value="${mail.subject}"/>
        <beans:property name="emailFrom" value="${mail.from}"/>
        <beans:property name="mailAccountUsername" value="${mail.username}"/>
        <beans:property name="mailAccountPassword" value="${mail.password}"/>
        
        <beans:property name="mailSMTPAuth" value="${mail.smtp.auth}"/>
        <beans:property name="mailStartTLS" value="${mail.smtp.starttls.enable}"/>
        <beans:property name="mailSMTPHost" value="${mail.smtp.host}"/>
        <beans:property name="mailSMTPPort" value="${mail.smtp.port}"/>
        <beans:property name="mailTransport" value="${mail.transport.protocol}"/>
        
        <beans:property name="mailDebug" value="${mail.debug}"/>
        
        <!--  OCE mailer properties -->
 		<!--       
        <beans:property name="OCEApiKey" value="${oce.apikey}"/>
        <beans:property name="OCESecret" value="${oce.secret}"/>
        <beans:property name="OCEendpoint" value="${oce.endpoint}"/>
        -->
    </beans:bean>
    
    <!-- Token Manager -->
    <beans:bean id="basicTokenManager" class="net.respectnetwork.sdk.csp.notification.AnotherBasicTokenManager">
        
    </beans:bean>
       
    <!-- Message Manager -->
    <beans:bean id="basicMessageManager" class="net.respectnetwork.sdk.csp.notification.BasicMessageManager">
        <beans:property name="emailTemplate" value="${email.template}"/>
        <beans:property name="smsTemplate" value="${sms.template}"/>
    </beans:bean>
 
</beans:beans>
